iter	RMSE
0	76972.09856
50	26415.26414
100	16709.90717
150	13122.25601
200	10679.68149
250	9032.433208
300	7635.292288
350	6447.976514
400	5348.087075
450	4444.744381
499	3768.175318
